ClientKey,ClientVoornamen,ClientTussenvoegsel,ClientAchternaam,Leeftijd_NU,ClientGeslacht,IndicatorBTWvrijstelling
372,Aaldert,?,Palland,21,Jongen,false
137,Aaldrik,van der,Geest,12,Jongen,false
942,Aaltjen,?,Schneiders,11,Meisje,false
130,Aart,?,Langeweg,121,Jongen,false
130,Aart,?,Langeweg,121,Jongen,true
987,Abdelghafour,?,Duijm,7,Jongen,false
987,Abdelghafour,?,Duijm,7,Jongen,true
385,Abdelghani,?,Cörvers,15,Jongen,false
385,Abdelghani,?,Cörvers,15,Jongen,true
767,Abdelhak,?,Broeks,13,Jongen,false
378,Abdirahman,de,Kok,21,Jongen,false
378,Abdirahman,de,Kok,21,Jongen,true
463,Abdulkerim,?,Dullaart,17,Jongen,true
684,Adel,van,Doorn,14,Jongen,false
684,Adel,van,Doorn,14,Jongen,true
584,Adelina,?,Bekking,22,Meisje,false
584,Adelina,?,Bekking,22,Meisje,true
551,Adham,?,Safi,14,Jongen,true
882,Adi,?,Lamme,8,Jongen,false
862,Agathe,?,Herman,121,Meisje,true
170,Agnita,?,Galjaard,12,Meisje,false
814,Alan,?,Gielis,24,Jongen,true
91,Alara,?,Boerakker,14,Meisje,false
91,Alara,?,Boerakker,14,Meisje,true
209,Alban,van,Schuppen,121,Jongen,false
209,Alban,van,Schuppen,121,Jongen,true
850,Albertina,?,Zuijderduijn,17,Meisje,false
599,Albin,?,Rozendaal,21,Jongen,false
40,Alec,van,Rossem,18,Jongen,false
84,Alessio,?,Plet,16,Jongen,false
84,Alessio,?,Plet,16,Jongen,true
246,Alexander,?,Assen,18,Jongen,false
662,Alexandre,?,Greuter,14,Jongen,false
265,Aleyna,?,Eikenaar,14,Meisje,false
265,Aleyna,?,Eikenaar,14,Meisje,true
75,Alianne,?,Wiering,31,Meisje,false
424,Alicia,van,Wageningen,10,Meisje,false
424,Alicia,van,Wageningen,10,Meisje,true
557,Alien,?,Huijberts,11,Meisje,false
771,Aliza,van der,Aalst,5,Meisje,true
288,Alize,?,Waterval,12,Meisje,false
921,Alma,van,Voorst,6,Meisje,false
921,Alma,van,Voorst,6,Meisje,true
821,Alvin,?,Hijink,9,Jongen,false
164,Amerik,?,Scholing,12,Jongen,false
164,Amerik,?,Scholing,12,Jongen,true
694,Anas,?,Seip,121,Jongen,false
694,Anas,?,Seip,121,Jongen,true
422,Andre,?,Sonnemans,22,Jongen,false
979,Andreas,?,Hillebrand,19,Jongen,false
258,Andro,?,Jelsma,20,Jongen,false
754,Angèle,van,Jaarsveld,13,Meisje,false
754,Angèle,van,Jaarsveld,13,Meisje,true
311,Angelie,van,Es,11,Meisje,true
705,Angeliek,?,Castelijns,121,Meisje,true
429,Angelien,?,Seijkens,16,Meisje,false
429,Angelien,?,Seijkens,16,Meisje,true
105,Angelos,?,Gijsberts,19,Jongen,false
126,Anjali,?,Beijert,121,Meisje,false
765,Annebeth,?,Langelaan,121,Meisje,false
765,Annebeth,?,Langelaan,121,Meisje,true
163,Anne-Jet,?,Samsom,6,Meisje,false
163,Anne-Jet,?,Samsom,6,Meisje,true
558,Annelie,?,Smidt,13,Meisje,false
190,Annelou,?,Sieben,21,Meisje,false
165,Anne-Maria,?,Diks,16,Meisje,false
797,Annerieke,?,Knigge,15,Meisje,false
340,Annouk,?,Reeuwijk,18,Meisje,false
50,Anouska,?,Rasing,20,Meisje,false
535,Antoine,?,Loonen,14,Jongen,true
709,Anwar,?,Geluk,23,Jongen,false
401,Arantxa,?,Middel,7,Meisje,true
835,Aren,van der,Starre,15,Jongen,false
583,Arian,?,Zwanenburg,121,Jongen,false
583,Arian,?,Zwanenburg,121,Jongen,true
892,Arie,?,Pengel,17,Jongen,false
892,Arie,?,Pengel,17,Jongen,true
808,Arie-Jan,?,Ramkhelawan,9,Jongen,false
808,Arie-Jan,?,Ramkhelawan,9,Jongen,true
400,Ariën,?,IJsselstijn,11,Jongen,false
544,Arina,?,Henstra,14,Meisje,false
314,Arinda,?,Leurink,15,Meisje,true
622,Arne,?,Schouwenaars,18,Jongen,false
553,Arnela,van den,Bogaart,18,Meisje,false
553,Arnela,van den,Bogaart,18,Meisje,true
576,Arnoldus,?,Swagemakers,23,Jongen,false
958,Aron,?,Baart,15,Jongen,false
958,Aron,?,Baart,15,Jongen,true
375,Asim,?,Kleijne,11,Jongen,false
524,Athina,?,Weidema,19,Meisje,false
524,Athina,?,Weidema,19,Meisje,true
642,Atie,van,Houdt,121,Meisje,true
530,Aukje,?,Godijn,6,Meisje,false
530,Aukje,?,Godijn,6,Meisje,true
623,Ayesha,?,Uijtdewilligen,17,Meisje,false
623,Ayesha,?,Uijtdewilligen,17,Meisje,true
867,Ayhan,?,Vroon,18,Jongen,false
564,Ayşegül,?,Verstraaten,5,Meisje,true
1000,Aziz,?,Vogel,20,Jongen,false
810,Babeth,van,Veelen,4,Meisje,false
1,Bader,van,Wilgenburg,14,Jongen,false
860,Badria,?,Merx,17,Meisje,true
872,Baki,?,Kruijswijk,14,Jongen,false
670,Bareld,van de,Voorde,14,Jongen,true
56,Bartel,van der,Veen,121,Jongen,false
838,Batuhan,?,Custers,121,Jongen,false
62,Bengt,?,Buil,16,Jongen,false
914,Benito,te,Pas,3,Jongen,false
555,Berend-Jan,?,Faasse,15,Jongen,false
555,Berend-Jan,?,Faasse,15,Jongen,true
950,Berjan,de,Lijster,9,Jongen,false
621,Berke,?,Schregardus,18,Jongen,true
243,Berna,?,Haaima,11,Meisje,true
139,Bernadine,?,Kempers,14,Meisje,false
139,Bernadine,?,Kempers,14,Meisje,true
800,Bernhard,van,Sleeuwen,19,Jongen,true
39,Bertus,?,Klepper,16,Jongen,true
777,Bibiana,van,Meer,11,Meisje,false
322,Bink,?,Collé,45,Jongen,false
70,Bjarn,?,Dol,121,Jongen,false
70,Bjarn,?,Dol,121,Jongen,true
673,Blanca,?,Croes,12,Meisje,false
801,Boaz,?,Laagland,16,Jongen,false
801,Boaz,?,Laagland,16,Jongen,true
560,Boban,?,Voll,11,Jongen,false
560,Boban,?,Voll,11,Jongen,true
175,Bobbie,?,Boonen,10,Jongen,false
306,Bonny,?,Jonkman,15,Meisje,true
693,Boris,?,Trouw,18,Jongen,false
944,Bosse,?,Vrij,12,Jongen,false
534,Bouke,?,Kools,11,Meisje,false
589,Boutaina,?,Hilgers,22,Meisje,false
207,Boyan,?,Ernest,20,Jongen,false
30,Brecht,?,Snelleman,13,Jongen,false
144,Bryan,?,Kruisselbrink,15,Jongen,true
419,Buck,?,Siemons,7,Jongen,false
152,Caecilia,?,Emans,21,Meisje,false
152,Caecilia,?,Emans,21,Meisje,true
659,Caia,?,Breed,15,Meisje,false
659,Caia,?,Breed,15,Meisje,true
905,Caitlynn,?,Nieuwenhuis,17,Meisje,true
240,Camila,?,Everts,15,Meisje,true
853,Can,?,Abrahamse,11,Jongen,false
853,Can,?,Abrahamse,11,Jongen,true
836,Caren,?,Antonis,121,Meisje,false
836,Caren,?,Antonis,121,Meisje,true
874,Carli,?,Verheijden,9,Meisje,true
263,Carly,?,Loer,16,Meisje,false
893,Carlyn,?,Buis,14,Meisje,false
893,Carlyn,?,Buis,14,Meisje,true
971,Carmel,?,Kelderman,12,Meisje,false
427,Carole,?,Huis in 't Veld,121,Meisje,false
638,Carolus,?,Boxma,121,Jongen,false
638,Carolus,?,Boxma,121,Jongen,true
817,Carolyn,van den,Brom,3,Meisje,false
632,Casimir,den,Brok,17,Jongen,false
532,Caspar,van,Zuilen,11,Jongen,false
815,Cathleen,?,Moor,11,Meisje,false
46,Celeste,van,Stekelenburg,12,Meisje,false
299,Ceylan,?,Struik,9,Meisje,false
374,Chad,van de,Put,121,Jongen,false
485,Chadia,?,Hiemstra,10,Meisje,false
968,Chaira,?,Kwee,23,Meisje,true
301,Chaja,de,Pagter,18,Meisje,false
301,Chaja,de,Pagter,18,Meisje,true
225,Chanique,?,Florijn,13,Meisje,false
624,Charis,?,Dols,17,Meisje,true
493,Charl,?,Kraus,8,Jongen,false
241,Charlie,?,Heil,17,Jongen,false
81,Charly,?,Linsen,121,Meisje,false
81,Charly,?,Linsen,121,Meisje,true
789,Chavelli,?,Coremans,14,Meisje,false
342,Cherida,?,Heinhuis,18,Meisje,false
260,Chérise,?,Bastiaan,12,Meisje,false
470,Christi,?,Duijvestijn,13,Meisje,false
970,Christiana,?,Ruesink,11,Meisje,false
970,Christiana,?,Ruesink,11,Meisje,true
830,Christiano,?,Özcan,17,Jongen,false
964,Christoffer,?,Leeman,16,Jongen,true
715,Chuck,?,Toepoel,3,Jongen,false
522,Ciarán,?,Bredewold,13,Jongen,true
852,Cilia,van,Polanen,16,Meisje,false
86,Cindy,van der,Reest,9,Meisje,false
86,Cindy,van der,Reest,9,Meisje,true
563,Ciro,?,Theeuwes,8,Jongen,false
563,Ciro,?,Theeuwes,8,Jongen,true
157,Claudine,?,Zandvoort,15,Meisje,false
423,Clement,?,Heerschop,18,Jongen,false
423,Clement,?,Heerschop,18,Jongen,true
154,Clint,?,Verduijn,13,Jongen,false
71,Cody,?,Peterson,20,Jongen,false
649,Coert,?,Sardjoe,15,Jongen,false
965,Collin,?,Schoutens,121,Jongen,false
965,Collin,?,Schoutens,121,Jongen,true
859,Coralie,?,Rem,3,Meisje,false
204,Cornelus,?,Otten,16,Jongen,true
328,Corrine,?,Laurens,9,Meisje,false
438,Cristiano,?,Turgut,9,Jongen,false
386,Cyriel,?,Kleij,121,Jongen,false
597,Daantje,?,Tammer,21,Meisje,false
597,Daantje,?,Tammer,21,Meisje,true
895,Dale,?,Saman,7,Jongen,false
303,Dalibor,?,Immink,13,Jongen,false
846,Damir,van,Weel,13,Jongen,false
399,Dane,?,Boonzaaijer,12,Jongen,false
537,Daniek,?,Bonestroo,14,Meisje,false
537,Daniek,?,Bonestroo,14,Meisje,true
963,Daniel,?,Matulessy,121,Jongen,false
787,Danielle,?,Govers,18,Meisje,true
116,Danijel,?,Altun,121,Jongen,true
41,Danilson,van der,Mast,15,Jongen,false
304,Danyel,?,Grimberg,17,Jongen,true
486,Daphna,?,Purperhart,13,Meisje,false
927,Daphne,?,Sprengers,11,Meisje,false
927,Daphne,?,Sprengers,11,Meisje,true
193,Daron,?,Kruizenga,19,Jongen,false
193,Daron,?,Kruizenga,19,Jongen,true
607,Daryll,?,Olieman,20,Jongen,false
607,Daryll,?,Olieman,20,Jongen,true
675,Davut,van,Leent,121,Jongen,false
675,Davut,van,Leent,121,Jongen,true
491,Dax,?,Sprenger,121,Jongen,true
43,Dayna,?,Kole,18,Meisje,false
650,Déjan,de,Gooijer,121,Jongen,false
59,Delany,?,Beets,14,Meisje,false
937,Démi,?,Schreurs,9,Meisje,true
539,Demy,van den,Ouden,17,Jongen,true
781,Denise,?,Bhoelai,18,Meisje,false
991,Deniz,?,Hulzebosch,9,Jongen,true
273,Denzell,?,Petit,9,Jongen,false
273,Denzell,?,Petit,9,Jongen,true
141,Derek,?,Munneke,13,Jongen,false
103,Désirée,?,Rodijk,13,Meisje,false
613,Dexter,?,Simonis,19,Jongen,false
97,Dhiradj,?,Bruins,14,Jongen,false
97,Dhiradj,?,Bruins,14,Jongen,true
782,Diantha,van den,Top,16,Meisje,false
731,Dico,?,Claasen,8,Jongen,false
468,Dieter,?,Kortleve,121,Jongen,true
712,Dimphy,de,Pree,15,Meisje,false
712,Dimphy,de,Pree,15,Meisje,true
744,Din,van,Leur,10,Jongen,false
166,Ditmar,?,Koudstaal,12,Jongen,false
666,Djonno,?,Wisselink,121,Jongen,true
63,Djordi,van,Bentem,15,Jongen,false
713,Donné,?,Hoekstra,7,Jongen,false
713,Donné,?,Hoekstra,7,Jongen,true
249,Donovan,van der,Slot,16,Jongen,false
474,Door,van,Hameren,6,Meisje,false
217,Dorris,?,Hubbers,18,Meisje,false
296,Dragana,?,Zwaan,17,Meisje,false
189,Dries,?,Walters,12,Jongen,true
290,Durk,?,Beekers,121,Jongen,false
290,Durk,?,Beekers,121,Jongen,true
976,Durmuş,?,Salemink,13,Jongen,false
506,Dyan,?,Werleman,11,Jongen,false
956,Eden,van der,Klauw,9,Meisje,false
798,Eefje,?,Doornink,15,Meisje,true
98,Eefke,?,Zuiderwijk,14,Meisje,false
78,Eilish,?,Borghuis,10,Meisje,false
78,Eilish,?,Borghuis,10,Meisje,true
926,Elana,?,Zuidwijk,12,Meisje,false
926,Elana,?,Zuidwijk,12,Meisje,true
96,Eleonoor,?,Haaksema,121,Meisje,false
32,Elfi,van,Wamel,121,Meisje,false
32,Elfi,van,Wamel,121,Meisje,true
107,Eliene,?,Wieling,16,Meisje,false
556,Elijah,?,Verver,7,Jongen,false
247,Elke,van,Sprundel,7,Meisje,false
932,Ellen,?,Goudriaan,15,Meisje,false
188,Elles,?,Filius,12,Meisje,false
639,Elliott,?,Rijpstra,16,Jongen,false
503,Elodie,?,Bakkenes,9,Meisje,false
503,Elodie,?,Bakkenes,9,Meisje,true
989,Emese,?,Radder,121,Meisje,false
989,Emese,?,Radder,121,Meisje,true
155,Emilio,van,Looij,13,Jongen,false
13,Emmanuela,?,Popken,121,Meisje,false
13,Emmanuela,?,Popken,121,Meisje,true
780,Emre,van,Beurden,13,Jongen,false
845,Emrullah,?,Lansink,7,Jongen,false
845,Emrullah,?,Lansink,7,Jongen,true
511,Enise,?,Koenen,15,Meisje,false
511,Enise,?,Koenen,15,Meisje,true
691,Enno,?,Jobse,14,Jongen,false
461,Erben,?,Geerling,11,Jongen,true
280,Erdal,?,Gieling,21,Jongen,false
280,Erdal,?,Gieling,21,Jongen,true
446,Erhan,?,Huitink,121,Jongen,false
725,Erman,van,Kippersluis,12,Jongen,false
725,Erman,van,Kippersluis,12,Jongen,true
80,Ernst-Jan,van,IJzendoorn,20,Jongen,false
362,Esin,ter,Maat,4,Meisje,false
747,Esmé,?,Bosman,8,Meisje,false
536,Esmeé,?,Lukkien,10,Meisje,false
402,Everardus,?,Mocking,6,Jongen,false
774,Everhard,?,Hiddink,11,Jongen,false
352,Fabio,?,Broeze,19,Jongen,true
533,Fahrettin,den,Butter,121,Jongen,false
181,Faiza,?,Kooiker,10,Meisje,false
181,Faiza,?,Kooiker,10,Meisje,true
370,Fardou,?,Meij,121,Meisje,false
370,Fardou,?,Meij,121,Meisje,true
786,Farid,van der,Zwan,121,Jongen,false
331,Fatih,?,Kampen,121,Jongen,false
779,Fausto,?,Savenije,10,Jongen,false
220,Felien,?,Chin,18,Meisje,false
327,Felix,van 't,Hul,17,Jongen,false
327,Felix,van 't,Hul,17,Jongen,true
44,Fennie,?,Aydemir,121,Meisje,false
902,Fer,?,Cazemier,10,Jongen,false
902,Fer,?,Cazemier,10,Jongen,true
104,Ferdie,van den,Aker,13,Jongen,true
323,Ferdinandus,?,Bindels,12,Jongen,false
323,Ferdinandus,?,Bindels,12,Jongen,true
973,Filippus,?,Beelen,12,Jongen,false
187,Finley,?,Coops,16,Jongen,false
187,Finley,?,Coops,16,Jongen,true
617,Firat,?,Truong,121,Jongen,false
359,Fleurtje,van der,Plaats,13,Meisje,false
998,Floran,?,Eefting,12,Jongen,true
761,Francisca,?,Hoveling,18,Meisje,false
761,Francisca,?,Hoveling,18,Meisje,true
730,Francois,?,Oudshoorn,19,Jongen,true
377,Frenky,?,Smeekes,17,Jongen,false
766,Fuad,?,Ophorst,11,Jongen,false
949,Fulya,?,Raijmakers,6,Meisje,false
515,Funda,de,Greef,12,Meisje,false
111,Gabe,de,Kwant,121,Jongen,false
127,Gabriëla,?,Jongepier,14,Meisje,false
812,Gazi,van,Gestel,6,Jongen,false
389,Geanne,van der,Ree,15,Meisje,false
614,Geeske,?,Bloemsma,121,Meisje,true
128,Georg,?,Endeman,19,Jongen,false
136,Gerjanne,van den,Hoven,20,Meisje,false
136,Gerjanne,van den,Hoven,20,Meisje,true
699,Germa,?,Bennik,8,Meisje,false
699,Germa,?,Bennik,8,Meisje,true
807,Germaine,van der,Woude,121,Jongen,false
384,Gerrianne,?,Bek,20,Meisje,true
819,Gerry,van,Oostende,17,Jongen,false
994,Gerson,van,Leuveren,15,Jongen,false
768,Gertine,?,Geers,9,Meisje,true
851,Ghizlan,?,Kuenen,11,Meisje,true
740,Ghizlane,?,Hesselink,121,Meisje,false
983,Giacomo,?,Oliemans,11,Jongen,true
437,Giada,?,Wiegel,14,Meisje,false
368,Gidion,?,Andela,13,Jongen,false
923,Gino,van,Dinther,8,Jongen,true
603,Gonca,?,Baakman,121,Meisje,false
603,Gonca,?,Baakman,121,Meisje,true
415,Goossen,?,Bosch,17,Jongen,false
415,Goossen,?,Bosch,17,Jongen,true
185,Görkem,?,Hemme,12,Jongen,false
185,Görkem,?,Hemme,12,Jongen,true
315,Greg,?,Dubbink,12,Jongen,true
410,Güler,?,Oosthoek,15,Meisje,false
410,Güler,?,Oosthoek,15,Meisje,true
931,Gürkan,?,Molema,7,Jongen,true
707,Gwendolynn,?,Fokker,7,Meisje,false
707,Gwendolynn,?,Fokker,7,Meisje,true
799,Gydo,?,Hölzken,11,Jongen,false
561,Hacer,?,Appeldoorn,10,Meisje,false
341,Haidar,van,Doorne,16,Jongen,false
264,Haije,?,Spitters,14,Jongen,false
264,Haije,?,Spitters,14,Jongen,true
439,Hailey,?,Wolf,13,Meisje,false
660,Hakan,?,Staals,15,Jongen,false
972,Halbe,?,Jeuken,121,Jongen,false
356,Halim,de,Ruiter,121,Jongen,false
847,Hanad,?,Klaren,121,Jongen,false
559,Hanan,van,Eert,12,Jongen,false
733,Hanne,?,Luinge,8,Jongen,false
317,Hannie,?,Kuijstermans,13,Meisje,false
809,Harmannus,?,Wijnker,9,Jongen,false
829,Harriët,van der,Werff,25,Meisje,false
202,Hava,?,Boks,14,Meisje,false
512,Heinrich,?,Siegersma,21,Jongen,false
619,Helene,?,Thoma,18,Meisje,false
471,Hélène,El,Azzouzi,10,Meisje,false
363,Hemmo,?,Passon,18,Jongen,false
432,Hendrieka,van der,Wind,14,Meisje,false
391,Hennie,?,Boon,17,Meisje,false
967,Henrick,?,Leussink,121,Jongen,false
967,Henrick,?,Leussink,121,Jongen,true
392,Henriët,van,Londen,11,Meisje,false
124,Hermine,?,Frijters,121,Meisje,false
124,Hermine,?,Frijters,121,Meisje,true
913,Hildegard,?,Piqué,2,Meisje,false
913,Hildegard,?,Piqué,2,Meisje,true
421,Hilko,?,Zwart,19,Jongen,true
883,Houdaifa,van der,Reijden,5,Jongen,false
883,Houdaifa,van der,Reijden,5,Jongen,true
620,Hüseyin,?,Brummelhuis,18,Jongen,false
350,Iain,van,Kouwen,121,Jongen,false
990,Ianthe,?,Hensbergen,17,Meisje,false
706,Idil,van der,Sloot,8,Meisje,false
234,Ifrah,?,Zuurmond,121,Meisje,false
376,Ihsane,?,Machielsen,121,Meisje,false
529,Ilco,?,Voermans,14,Jongen,false
381,Ilia,?,Wardenaar,9,Jongen,false
381,Ilia,?,Wardenaar,9,Jongen,true
550,Ilkay,?,Toes,121,Jongen,false
236,Imme,van,Weerdenburg,121,Jongen,true
253,Ines,van,Summeren,10,Meisje,true
818,Inssaf,?,Slots,121,Meisje,false
837,Iona,van,Schalkwijk,121,Meisje,false
839,Isa,?,Barten,19,Meisje,true
65,Ishani,?,Oosterloo,121,Meisje,false
65,Ishani,?,Oosterloo,121,Meisje,true
48,Isolde,van,Wensen,17,Meisje,true
261,Issa,?,Stijns,12,Jongen,false
865,Ivana,?,Legerstee,7,Meisje,false
5,Izaak,?,Lake,13,Jongen,false
5,Izaak,?,Lake,13,Jongen,true
552,Jace,?,Loo,121,Jongen,false
552,Jace,?,Loo,121,Jongen,true
628,Jacobina,van,Liere,17,Meisje,false
31,Jacyntha,?,Steenvoorden,21,Meisje,false
875,Jaël,?,Nijenkamp,121,Meisje,false
591,Jaël,?,Vreuls,22,Jongen,false
591,Jaël,?,Vreuls,22,Jongen,true
297,Jafar,van der,Mooren,20,Jongen,false
297,Jafar,van der,Mooren,20,Jongen,true
934,Jainy,?,Schouwstra,4,Meisje,false
277,Jakoba,van der,Wende,20,Meisje,false
460,Jakub,?,Parren,7,Jongen,false
191,Jalila,?,Kooper,13,Meisje,false
191,Jalila,?,Kooper,13,Meisje,true
868,Jamie,?,Bastiaanse,17,Jongen,true
580,Jana,?,Meerdink,121,Meisje,true
541,Janie,?,Kint,12,Meisje,false
19,Jannieke,?,Ruiten,18,Meisje,false
785,Janske,?,Hoebe,13,Meisje,false
785,Janske,?,Hoebe,13,Meisje,true
573,Jantine,?,Dogan,23,Meisje,false
113,Janwillem,?,Drummen,121,Jongen,false
113,Janwillem,?,Drummen,121,Jongen,true
894,Jarick,?,Borger,15,Jongen,false
922,Jasperina,van 't,Westeinde,9,Meisje,false
466,Javier,?,Thiele,18,Jongen,false
466,Javier,?,Thiele,18,Jongen,true
45,Jawad,?,Lambooij,121,Jongen,false
692,Jaydon,van der,Weele,7,Jongen,true
313,Jeanet,?,Tinnemans,9,Meisje,true
870,Jelisa,?,Hens,17,Meisje,false
717,Jemima,?,Kusters,9,Meisje,true
708,Jennie,?,Zandbergen,8,Meisje,false
755,Jense,?,Hack,6,Jongen,false
855,Jeremie,?,Kriek,11,Jongen,true
160,Jeremy,?,Koelman,121,Jongen,false
153,Jerina,van der,Schaft,12,Meisje,false
153,Jerina,van der,Schaft,12,Meisje,true
641,Jerom,van der,Molen,16,Jongen,false
242,Jess,?,Westerbeek,10,Jongen,false
394,Jesse,?,Schellekens,121,Jongen,false
925,Jessey,?,Kodde,14,Meisje,false
925,Jessey,?,Kodde,14,Meisje,true
697,Jessica,?,Pasmans,21,Meisje,false
373,Jessika,van,Koert,12,Meisje,false
844,Jessy,?,Bolier,8,Meisje,false
844,Jessy,?,Bolier,8,Meisje,true
345,Jet,?,Vaandering,14,Meisje,false
409,Jette,de,With,13,Meisje,true
3,Jikke,?,Bosveld,13,Jongen,false
3,Jikke,?,Bosveld,13,Jongen,true
355,Jimi,van den,Bulk,121,Jongen,false
737,Jiske,de,Vries,121,Meisje,false
966,Jivan,?,Meere,22,Jongen,false
878,Joan,?,Sinnema,7,Meisje,false
878,Joan,?,Sinnema,7,Meisje,true
117,Johannus,van,Urk,13,Jongen,false
117,Johannus,van,Urk,13,Jongen,true
336,John,?,Kleine,12,Jongen,false
336,John,?,Kleine,12,Jongen,true
718,Jojanneke,?,Kalf,9,Meisje,true
954,Joni,de,Kort,16,Jongen,false
210,Jonneke,?,Denkers,15,Meisje,false
210,Jonneke,?,Denkers,15,Meisje,true
129,Jonny,?,Witter,8,Jongen,false
272,Jordin,?,Schrader,121,Jongen,false
992,Jorg,?,Oldenhof,10,Jongen,false
863,Jorge,?,Bosters,32,Jongen,false
456,Jorien,van,Hulzen,121,Meisje,false
186,Josefina,?,Eppinga,121,Meisje,false
186,Josefina,?,Eppinga,121,Meisje,true
575,Joska,?,Zutt,23,Meisje,true
158,Jovi,van de,Veerdonk,121,Jongen,false
108,Jozefien,?,Hulshof,22,Meisje,true
822,Judith,?,Spaan,9,Meisje,false
353,Jules,?,Esser,12,Jongen,true
289,Juliano,?,Zweers,121,Jongen,false
590,Jülide,?,Zanting,121,Meisje,false
590,Jülide,?,Zanting,121,Meisje,true
349,Julisa,?,Keijzers,12,Meisje,false
349,Julisa,?,Keijzers,12,Meisje,true
869,Jur,?,Koppenol,16,Jongen,true
653,Juri,?,Jonk,15,Jongen,false
888,Jurren,?,Petersen,15,Jongen,false
431,Jurriën,den,Os,10,Jongen,false
960,Kâmil,?,Bennink,10,Jongen,false
960,Kâmil,?,Bennink,10,Jongen,true
74,Kaoutar,van de,Belt,22,Jongen,false
645,Karam,?,Heffels,16,Jongen,false
861,Karolien,?,Nederlof,7,Meisje,false
291,Katarzyna,?,Laan,17,Meisje,false
23,Kelley,?,Overmeer,14,Meisje,false
941,Kemâl,?,Pastoors,8,Jongen,false
150,Kenza,?,Brouwer,12,Meisje,false
162,Kester,?,Berens,7,Jongen,false
826,Kiki,?,Vaessen,10,Meisje,false
348,Kinga,?,Hoornweg,121,Meisje,false
928,Kiran,?,Dullens,15,Jongen,false
413,Kishen,van den,Anker,19,Jongen,false
85,Klaartje,van den,Elshout,121,Meisje,false
955,Kris,?,Nijboer,10,Meisje,false
955,Kris,?,Nijboer,10,Meisje,true
688,Krishna,van den,Nieuwenhof,15,Jongen,false
380,Kristan,van,Bemmel,11,Jongen,true
369,Kristian,van der,Slik,121,Jongen,false
803,Kristine,de,Kruif,12,Meisje,false
36,Krystian,van der,Stap,19,Jongen,false
36,Krystian,van der,Stap,19,Jongen,true
118,Kübra,?,Verhorst,9,Meisje,false
726,Lahcen,van,Aaken,121,Jongen,false
890,Lahoucine,?,Wennink,14,Jongen,false
227,Lakshmi,?,Jol,13,Meisje,false
227,Lakshmi,?,Jol,13,Meisje,true
657,Lammechien,?,Nomden,15,Meisje,false
657,Lammechien,?,Nomden,15,Meisje,true
52,Lamyae,?,Hees,121,Meisje,false
816,Lani,?,Mahabier,8,Meisje,false
816,Lani,?,Mahabier,8,Meisje,true
738,Latischa,?,Waterman,10,Meisje,true
840,Lauren,?,Rodenburg,8,Meisje,false
319,Leigh,?,Versteegen,12,Meisje,false
79,Lejla,?,Kaat,22,Meisje,true
483,Lenn,?,Hassink,19,Jongen,true
206,Lenthe,van der,Bend,7,Meisje,false
206,Lenthe,van der,Bend,7,Meisje,true
504,Leonardus,?,Heek,3,Jongen,true
953,Leonora,?,Compier,18,Meisje,true
510,Leslie,van der,Smissen,5,Meisje,false
307,Levi,van,Zoeren,13,Jongen,false
790,Levina,van der,Vlag,16,Meisje,false
101,Levinus,?,Leemburg,14,Jongen,false
133,Li,?,Heuvelman,10,Jongen,false
723,Lian,van,Lanen,15,Meisje,true
22,Libby,de,Veld,17,Meisje,true
724,Lidewei,?,Slager,8,Meisje,true
497,Lidy,?,Schamp,10,Meisje,false
631,Lilia,?,Dağ,17,Meisje,false
900,Lin,?,Heldoorn,6,Meisje,true
939,Lina,?,Selhorst,5,Meisje,false
939,Lina,?,Selhorst,5,Meisje,true
586,Linda,?,Adriaans,121,Meisje,false
586,Linda,?,Adriaans,121,Meisje,true
248,Linsy,?,Putman,121,Meisje,false
480,Lion,?,Vinck,18,Jongen,true
873,Lionel,?,Scholte,13,Jongen,false
687,Liron,?,Francken,18,Jongen,true
365,Lisandra,?,Vogelsang,121,Meisje,false
365,Lisandra,?,Vogelsang,121,Meisje,true
134,Lisanne,van,Praag,16,Meisje,false
123,Lissy,?,Pieternella,15,Meisje,false
538,Lize,?,Drenthen,12,Meisje,false
538,Lize,?,Drenthen,12,Meisje,true
674,Lizzie,?,Haagsma,121,Meisje,true
267,Lizzy,?,Goris,17,Meisje,true
487,Logan,?,Ruijs,20,Jongen,false
487,Logan,?,Ruijs,20,Jongen,true
408,Lois,van,Duren,14,Meisje,false
886,Lok,?,Deijkers,3,Meisje,false
886,Lok,?,Deijkers,3,Meisje,true
64,Loraine,?,Xu,11,Meisje,false
2,Lorena,?,Steensma,11,Meisje,false
2,Lorena,?,Steensma,11,Meisje,true
856,Lucca,van,Oostenbrugge,17,Meisje,false
179,Lucian,de,Haas,21,Jongen,false
179,Lucian,de,Haas,21,Jongen,true
229,Lucretia,?,Kasmi,12,Meisje,false
250,Luis,van,Raak,121,Jongen,false
218,Luite,?,Dongelmans,19,Jongen,false
594,Lutske,van,Iterson,121,Meisje,false
275,Luus,van,Kekem,21,Meisje,false
275,Luus,van,Kekem,21,Meisje,true
25,Lyke,?,Kaspers,21,Meisje,true
857,Maasje,?,Borgers,7,Meisje,false
857,Maasje,?,Borgers,7,Meisje,true
820,Madelaine,?,Boven,4,Meisje,false
820,Madelaine,?,Boven,4,Meisje,true
528,Maha,van,Vilsteren,121,Meisje,true
172,Maickel,?,Wezenberg,10,Jongen,true
197,Maika,?,Beverdam,11,Meisje,false
795,Majorie,?,Selier,22,Meisje,true
788,Mamadou,?,Duijn,14,Jongen,false
842,Mana,?,Frantzen,9,Meisje,false
518,Manar,?,Hogenhout,20,Meisje,false
720,Manou,?,Smits,17,Meisje,false
986,Manouschka,?,Bentvelzen,17,Meisje,true
312,Manuella,?,Poppen,12,Meisje,false
329,Mara,?,Veeke,18,Meisje,false
329,Mara,?,Veeke,18,Meisje,true
151,Mareike,?,Hobbelink,18,Meisje,false
151,Mareike,?,Hobbelink,18,Meisje,true
827,Marel,?,Wagemans,121,Meisje,false
51,Marèll,?,Huigen,16,Meisje,true
316,Margaretha,?,Weiss,121,Meisje,false
284,Mariël,?,Dieperink,13,Meisje,false
804,Mariët,van,Kruistum,8,Meisje,true
647,Marijtje,?,Eroglu,16,Meisje,false
292,Marinus,?,Kaandorp,14,Jongen,false
292,Marinus,?,Kaandorp,14,Jongen,true
571,Mario,?,Kamman,23,Jongen,false
205,Marja,de,Lang,10,Meisje,false
978,Mark,?,Meeuwsen,9,Jongen,false
66,Mark-Jan,?,Speetjens,7,Jongen,true
663,Markus,?,Pisters,14,Jongen,false
663,Markus,?,Pisters,14,Jongen,true
961,Marlin,?,Brok,9,Meisje,false
239,Marlissa,?,Spekman,20,Meisje,false
112,Martijn,van der,Worp,19,Jongen,true
414,Marty,?,Peet,20,Jongen,false
90,Master,?,Sweep,121,Jongen,true
676,Matea,?,Temmink,12,Meisje,true
729,Mathias,?,Kerkhofs,121,Jongen,true
646,Matijn,?,Wilschut,16,Jongen,false
646,Matijn,?,Wilschut,16,Jongen,true
736,Matthéüs,van den,IJssel,19,Jongen,true
237,Matthieu,den,Hartogh,17,Jongen,false
237,Matthieu,den,Hartogh,17,Jongen,true
222,Matthys,?,Fokkema,18,Jongen,true
416,Mattias,?,Elberse,121,Jongen,false
416,Mattias,?,Elberse,121,Jongen,true
920,Maudy,?,Faes,11,Meisje,false
592,Maureen,?,Sturm,121,Meisje,false
390,Maurizio,van,Noorden,121,Jongen,false
390,Maurizio,van,Noorden,121,Jongen,true
100,Maxime,van,Norel,7,Meisje,false
100,Maxime,van,Norel,7,Meisje,true
300,Maximiliaan,van der,Hilst,6,Jongen,false
458,Mayon,van den,Berg,20,Meisje,false
458,Mayon,van den,Berg,20,Meisje,true
125,Mehmed,van,Ginneken,13,Jongen,true
447,Mehran,?,Naarden,6,Jongen,false
531,Meint,?,Kloostra,121,Jongen,false
866,Menko,van den,Hazel,9,Jongen,false
866,Menko,van den,Hazel,9,Jongen,true
469,Meral,van,Knippenberg,12,Meisje,false
120,Merle,?,Besems,11,Meisje,false
120,Merle,?,Besems,11,Meisje,true
436,Merlijn,?,Scheper,19,Meisje,false
864,Mexx,?,Leenders,16,Meisje,true
72,Michal,?,Pieterman,19,Jongen,false
72,Michal,?,Pieterman,19,Jongen,true
149,Michele,?,Verhoeff,8,Jongen,false
149,Michele,?,Verhoeff,8,Jongen,true
962,Mickel,?,Bierkens,18,Jongen,false
335,Mient,?,Melsen,20,Jongen,false
783,Mikayla,?,Dolleman,13,Meisje,false
783,Mikayla,?,Dolleman,13,Meisje,true
77,Mikel,?,Straten,18,Jongen,false
324,Miki,?,Göbel,121,Meisje,false
324,Miki,?,Göbel,121,Meisje,true
35,Milad,?,Horsten,20,Jongen,false
610,Milan,?,Verberkt,19,Meisje,false
6,Mingus,?,Emanuels,10,Jongen,true
843,Moësha,de,Waal,10,Meisje,false
644,Mohini,?,Rensink,16,Meisje,false
644,Mohini,?,Rensink,16,Meisje,true
546,Monique,?,Bouma,11,Meisje,false
877,Mouaad,?,Hartogs,4,Jongen,false
877,Mouaad,?,Hartogs,4,Jongen,true
492,Mücahid,?,Meuwese,19,Jongen,false
984,Naära,?,Noorman,11,Meisje,false
34,Nadi,?,Heukels,20,Meisje,false
34,Nadi,?,Heukels,20,Meisje,true
951,Nadja,?,Schols,121,Meisje,false
339,Naila,?,Starink,10,Meisje,true
344,Nakita,?,Scheerman,20,Meisje,false
999,Nana,?,Weiland,17,Meisje,false
770,Nander,?,Putter,16,Jongen,false
770,Nander,?,Putter,16,Jongen,true
281,Nanko,?,Bond,20,Jongen,false
37,Nanno,?,Verwijmeren,121,Jongen,false
935,Nassira,?,Luttikhuis,15,Meisje,true
898,Necip,?,Rikkers,17,Jongen,true
626,Necla,?,Ariëns,17,Meisje,true
183,Necmettin,?,Korpershoek,21,Jongen,false
897,Neeltje,?,Stapper,10,Meisje,true
395,Neline,?,Hamstra,14,Meisje,false
395,Neline,?,Hamstra,14,Meisje,true
517,Neville,?,Romme,17,Jongen,false
517,Neville,?,Romme,17,Jongen,true
889,Niall,?,Greijdanus,121,Jongen,true
908,Nickey,?,Portegies,8,Jongen,false
703,Nickolas,van,Hoesel,19,Jongen,false
909,Nicky,van,Lamoen,13,Meisje,false
14,Nicolai,?,Zuurbier,121,Jongen,false
507,Niki,?,Budel,12,Meisje,false
507,Niki,?,Budel,12,Meisje,true
664,Nikola,?,Joore,14,Jongen,true
677,Nikolai,?,Hoogerbrugge,12,Jongen,false
262,Nima,van de,Langenberg,17,Meisje,false
701,Nine,de,Vocht,5,Meisje,false
430,Niyazi,?,Finke,21,Jongen,false
700,Noé,?,Brattinga,12,Jongen,false
233,Noé,de,Blok,15,Meisje,false
545,Noë,ten,Pas,12,Jongen,false
545,Noë,ten,Pas,12,Jongen,true
61,Nona,?,Somai,18,Meisje,false
475,Norbert,van,Rooden,121,Jongen,false
475,Norbert,van,Rooden,121,Jongen,true
832,Noud,?,Bakema,10,Jongen,false
832,Noud,?,Bakema,10,Jongen,true
168,Nourdin,van der,Westen,17,Jongen,false
168,Nourdin,van der,Westen,17,Jongen,true
637,Nouria,?,Beernink,15,Meisje,false
945,Nuno,?,Postmus,121,Jongen,false
945,Nuno,?,Postmus,121,Jongen,true
9,Nurten,?,Pels,11,Meisje,false
833,Obed,?,Mans,16,Jongen,false
988,Ocean,?,Roossien,121,Jongen,false
441,Olmo,?,Rutjens,121,Jongen,true
562,Omer,?,Luijben,12,Jongen,false
562,Omer,?,Luijben,12,Jongen,true
841,Önder,van,Cranenbroek,10,Jongen,false
841,Önder,van,Cranenbroek,10,Jongen,true
929,Orry,?,Vriesema,17,Jongen,false
929,Orry,?,Vriesema,17,Jongen,true
121,Oualid,?,Kerkhoven,121,Jongen,false
121,Oualid,?,Kerkhoven,121,Jongen,true
321,Özkan,van,Kan,121,Jongen,false
320,Öznur,van den,Adel,2,Meisje,true
82,Paloma,?,Köhler,20,Meisje,false
760,Patrice,?,Baeten,18,Meisje,false
760,Patrice,?,Baeten,18,Meisje,true
382,Paul,?,Ris,11,Jongen,false
382,Paul,?,Ris,11,Jongen,true
20,Pepita,van,Alem,14,Meisje,true
308,Percy,?,Kooy,8,Jongen,true
828,Perla,?,Alkema,11,Meisje,false
658,Pernilla,?,Glastra,121,Meisje,false
593,Philippine,?,Dikmans,21,Meisje,true
587,Pieter-Bas,?,Emmens,22,Jongen,true
525,Pieternella,?,Heijdra,121,Meisje,true
751,Pietro,?,Slump,7,Jongen,false
906,Pip,?,Gommers,13,Jongen,false
67,Pleun,van der,Blom,121,Meisje,false
211,Quentin,?,Khodabaks,10,Jongen,false
977,Quincy,?,Plaizier,16,Jongen,false
145,Rachael,?,Knuiman,14,Meisje,false
17,Radha,?,Stap,121,Meisje,false
757,Radwan,van,Hulst,121,Jongen,false
757,Radwan,van,Hulst,121,Jongen,true
383,Rafaëla,?,Uil,13,Meisje,false
618,Rafaella,?,Hoogveld,18,Meisje,false
618,Rafaella,?,Hoogveld,18,Meisje,true
548,Rahima,?,Baselmans,10,Meisje,true
527,Raihana,?,Hulsker,13,Meisje,false
606,Raimond,van,Bueren,20,Jongen,false
169,Raïssa,?,Kronenberg,8,Meisje,false
680,Rajeev,van,Velden,11,Jongen,false
680,Rajeev,van,Velden,11,Jongen,true
981,Ramin,?,Loohuis,16,Jongen,false
981,Ramin,?,Loohuis,16,Jongen,true
689,Ramon,?,Eggens,16,Jongen,false
443,Ramón,?,Wijers,11,Jongen,false
957,Raúl,van der,Galiën,21,Jongen,false
791,Rawien,?,Schrauwen,10,Jongen,false
791,Rawien,?,Schrauwen,10,Jongen,true
159,Rayan,?,Vullings,14,Meisje,false
60,Rayane,?,Egbers,121,Jongen,false
283,Rebeca,?,Onderwater,18,Meisje,false
996,Redouane,?,Naus,14,Jongen,true
574,Reinder,van,Maastricht,19,Jongen,true
743,Reinie,?,Kampstra,2,Meisje,true
579,Remmelt,?,Hemminga,121,Jongen,false
208,Renaldo,?,Veldman,22,Jongen,false
347,Renee,?,Baris,13,Meisje,false
161,Renze,van de,Giessen,18,Jongen,true
952,Resi,?,Smienk,16,Meisje,false
952,Resi,?,Smienk,16,Meisje,true
881,Rhandy,?,Hoogwerf,11,Jongen,false
881,Rhandy,?,Hoogwerf,11,Jongen,true
479,Rhonda,?,Damhuis,10,Meisje,false
449,Ria,?,Groenink,11,Meisje,false
449,Ria,?,Groenink,11,Meisje,true
947,Riemer,?,Daoudi,22,Jongen,false
901,Rinesh,?,Antonissen,14,Jongen,false
901,Rinesh,?,Antonissen,14,Jongen,true
418,Rinke,?,Engelsman,121,Jongen,false
581,Rinus,?,Bosscher,22,Jongen,false
581,Rinus,?,Bosscher,22,Jongen,true
502,Rinze,?,Verharen,13,Jongen,false
453,Rio,?,Bruins Slot,121,Jongen,false
481,Ritesh,?,Mees,10,Jongen,false
678,Rivelino,?,Abma,12,Jongen,true
566,Robert,?,Buurma,121,Jongen,false
566,Robert,?,Buurma,121,Jongen,true
194,Rochella,?,Xhofleer,16,Meisje,false
110,Rochus,?,Dors,121,Jongen,false
110,Rochus,?,Dors,121,Jongen,true
298,Roef,?,Breukink,12,Jongen,false
298,Roef,?,Breukink,12,Jongen,true
7,Roelfina,?,Kruse,10,Meisje,false
7,Roelfina,?,Kruse,10,Meisje,true
634,Roelinda,van,Deventer,16,Meisje,false
634,Roelinda,van,Deventer,16,Meisje,true
501,Roelofje,?,Koolman,14,Meisje,false
750,Rohini,?,Kuis,14,Meisje,false
750,Rohini,?,Kuis,14,Meisje,true
266,Rolinka,der,Kinderen,13,Meisje,true
711,Roma,?,Dogge,19,Meisje,false
600,Rona,van der,Windt,121,Meisje,false
26,Roos,van,Gelder,14,Meisje,false
221,Rory,?,Kos,5,Meisje,false
792,Roselien,de,Baar,12,Meisje,false
792,Roselien,de,Baar,12,Meisje,true
412,Roseline,?,Neefjes,121,Meisje,false
216,Rosina,?,Pijnacker,13,Meisje,false
216,Rosina,?,Pijnacker,13,Meisje,true
282,Rowdy,?,Kampert,20,Jongen,false
11,Rowina,van,Eldijk,7,Meisje,false
764,Rozemarijn,?,Plooij,5,Meisje,false
764,Rozemarijn,?,Plooij,5,Meisje,true
656,Rutger,?,Huijzer,15,Jongen,false
656,Rutger,?,Huijzer,15,Jongen,true
473,Ryon,?,Slingerland,14,Jongen,false
749,Saagar,van,Etten,7,Jongen,true
279,Saber,van,Deelen,20,Jongen,false
696,Sahar,?,Voorbij,16,Meisje,false
696,Sahar,?,Voorbij,16,Meisje,true
318,Sai,van den,Hoed,20,Jongen,false
318,Sai,van den,Hoed,20,Jongen,true
182,Saira,?,Çalişkan,10,Meisje,false
228,Sakina,van,Domselaar,20,Meisje,false
228,Sakina,van,Domselaar,20,Meisje,true
776,Saliha,?,Spoelstra,4,Meisje,false
849,Samra,van der,Ham,4,Meisje,false
849,Samra,van der,Ham,4,Meisje,true
343,Sandeep,?,Everaers,11,Jongen,false
896,Sander,?,Bruurs,11,Jongen,false
896,Sander,?,Bruurs,11,Jongen,true
354,Sandhia,?,Bom,16,Meisje,false
354,Sandhia,?,Bom,16,Meisje,true
985,Sandia,?,Achterkamp,12,Meisje,false
985,Sandia,?,Achterkamp,12,Meisje,true
203,Sanjana,?,Koek,17,Meisje,true
540,Sanjin,van der,Lei,14,Jongen,false
358,Sanne,?,Buijze,7,Jongen,true
745,Sarie,?,Schalks,21,Meisje,false
903,Sasha,van,Wetten,10,Jongen,false
184,Saskia,van,Boekel,10,Meisje,true
462,Sayed,?,Gerding,14,Jongen,false
212,Seb,?,Waalkens,22,Jongen,false
858,Şefika,van,Elferen,18,Meisje,false
773,Seher,?,Castricum,18,Meisje,false
793,Selami,?,Heersink,12,Jongen,true
58,Selçuk,van,Deurzen,17,Jongen,false
802,Selin,?,Klarenbeek,5,Meisje,false
148,Selinde,?,Bastings,7,Meisje,false
148,Selinde,?,Bastings,7,Meisje,true
742,Senay,?,Clements,10,Meisje,false
102,Sertan,?,Pol,121,Jongen,false
695,Shalini,?,Mittendorff,10,Meisje,false
695,Shalini,?,Mittendorff,10,Meisje,true
616,Shanna,?,Berghorst,18,Meisje,false
433,Shardé,?,Proost,121,Meisje,true
625,Sharif,?,Steverink,17,Jongen,false
625,Sharif,?,Steverink,17,Jongen,true
27,Siegfried,?,Thomas,11,Jongen,false
27,Siegfried,?,Thomas,11,Jongen,true
542,Siemon,?,Paans,15,Jongen,false
825,Siënna,?,Michels,121,Meisje,false
746,Siep,?,Joseph,19,Jongen,true
554,Sieuwke,van den,Oever,18,Meisje,true
796,Sijbrand,?,Bijlsma,16,Jongen,false
735,Silvio,?,Veldhuis,10,Jongen,true
450,Sindy,?,Maat,9,Meisje,false
943,Siri,?,Klerk,14,Meisje,false
759,Skye,?,Swiers,21,Jongen,false
387,Sohaïb,?,Niesten,19,Jongen,false
387,Sohaïb,?,Niesten,19,Jongen,true
609,Sohaila,?,Entjes,19,Meisje,false
455,Soraja,?,Mooibroek,6,Meisje,false
455,Soraja,?,Mooibroek,6,Meisje,true
910,Soufian,?,Rijkse,6,Jongen,false
910,Soufian,?,Rijkse,6,Jongen,true
434,Soufiane,?,Taş,121,Jongen,false
226,Soulaimane,?,Joling,23,Jongen,false
226,Soulaimane,?,Joling,23,Jongen,true
679,Stacey,van,Rijn,12,Meisje,false
309,Stans,?,Sturkenboom,20,Meisje,false
811,Stefanos,van den,Herik,16,Jongen,false
406,Steffan,van,Zwieten,13,Jongen,false
440,Steijn,?,Balkema,14,Jongen,false
635,Stéphan,?,Kieboom,16,Jongen,false
521,Stephana,?,Benneker,13,Meisje,false
681,Stevan,?,Braam,13,Jongen,false
598,Sudenaz,van,Someren,121,Meisje,true
762,Sueda,?,Türk,16,Meisje,false
762,Sueda,?,Türk,16,Meisje,true
585,Suradj,?,Christ,22,Jongen,false
946,Svetlana,?,Kolman,121,Meisje,false
739,Taha,?,Prinse,121,Jongen,false
520,Tamira,?,Hölscher,17,Meisje,false
682,Teake,de,Gruijter,13,Jongen,false
682,Teake,de,Gruijter,13,Jongen,true
138,Ted,?,Berentsen,16,Jongen,false
332,Tess,?,Huijnen,121,Meisje,false
721,Tesse,?,Ronde,9,Meisje,false
722,Teun,?,Scheepbouwer,21,Meisje,false
722,Teun,?,Scheepbouwer,21,Meisje,true
997,Thalia,van,Mulken,18,Meisje,false
938,Thanh,?,Pors,9,Jongen,false
993,Thibaud,?,Arts,11,Jongen,false
734,Thijmen,?,Westerhoff,13,Jongen,false
685,Thimo,?,Vogelzang,17,Jongen,false
404,Thu,?,Cats,121,Meisje,true
214,Tido,van,Leest,16,Jongen,false
398,Tigo,van der,Vecht,8,Jongen,false
398,Tigo,van der,Vecht,8,Jongen,true
54,Tije,?,Ahmed,15,Jongen,false
919,Tijn,?,Santbergen,10,Jongen,false
919,Tijn,?,Santbergen,10,Jongen,true
490,Timoteüs,?,Klijn,19,Jongen,false
490,Timoteüs,?,Klijn,19,Jongen,true
543,Tiziana,van,Malsen,14,Meisje,false
805,Tjalling,?,Lemmens,13,Jongen,false
143,Tjipke,?,Sterk,17,Jongen,true
371,Tjitse,?,Rosbergen,12,Jongen,true
135,Tjitze,?,Treffers,121,Jongen,true
364,Toke,?,Dogan,121,Meisje,false
672,Tracey,?,Berndsen,121,Meisje,false
672,Tracey,?,Berndsen,121,Meisje,true
287,Travis,?,Laterveer,16,Jongen,true
636,Tren,op 't,Hof,16,Jongen,false
982,Trijnie,?,Baartmans,20,Meisje,false
457,Trix,?,Soepboer,13,Meisje,false
457,Trix,?,Soepboer,13,Meisje,true
38,Umar,?,Jansens,18,Jongen,true
601,Umit,?,Tigchelaar,20,Jongen,false
831,Ünal,?,Flipsen,5,Jongen,false
244,Vadim,ten,Hove,121,Jongen,false
879,Valentin,?,Ottenhoff,11,Jongen,false
879,Valentin,?,Ottenhoff,11,Jongen,true
899,Valéry,van,Geelen,15,Meisje,false
969,Vic,?,Kolen,21,Jongen,false
252,Viona,?,Daal,12,Meisje,false
192,Virgil,?,Nauta,14,Jongen,true
668,Vittorio,?,Heidstra,16,Jongen,true
848,Vonne,?,Piening,17,Meisje,true
119,Wanisha,van,Gent,12,Meisje,false
69,Warsha,?,Rekker,20,Meisje,true
180,Waseem,?,Buiting,21,Jongen,false
885,Wendell,?,Atsma,2,Jongen,false
570,Wichert,van,Huizen,24,Jongen,true
21,Wiecher,van de,Kuilen,19,Jongen,false
648,Wiljan,?,Versluijs,15,Jongen,false
648,Wiljan,?,Versluijs,15,Jongen,true
871,Winona,?,Hut,18,Meisje,false
231,Wissal,?,Schelvis,10,Meisje,false
29,Wolf,?,Kleingeld,20,Jongen,false
271,Wolter,?,Verlinde,14,Jongen,false
271,Wolter,?,Verlinde,14,Jongen,true
42,Wopke,?,Lamberink,16,Jongen,false
444,Wouter-Jan,?,Rosman,14,Jongen,false
405,Wulfert,de,Pijper,12,Jongen,false
140,Wybe,?,Demirci,13,Jongen,false
568,Xin,?,Kolenbrander,24,Jongen,false
980,Yaël,van der,Boon,13,Meisje,false
936,Yamila,?,Bektaş,17,Meisje,false
294,Yamilla,?,Butt,121,Meisje,false
285,Yaniek,?,Bonnema,14,Jongen,true
608,Yarah,?,Go,20,Meisje,false
608,Yarah,?,Go,20,Meisje,true
92,Yassmine,?,Hutten,16,Meisje,false
92,Yassmine,?,Hutten,16,Meisje,true
876,Yazid,?,Wildschut,7,Jongen,false
655,Yelina,?,Beenhakker,18,Meisje,false
442,Yentel,van der,Honing,9,Meisje,false
442,Yentel,van der,Honing,9,Meisje,true
732,Ylva,?,Jagers,17,Meisje,false
732,Ylva,?,Jagers,17,Meisje,true
83,Yolande,van der,Maat,22,Meisje,false
83,Yolande,van der,Maat,22,Meisje,true
393,Yonah,?,Hansen,10,Jongen,false
393,Yonah,?,Hansen,10,Jongen,true
567,Yorin,?,Berk,24,Jongen,false
567,Yorin,?,Berk,24,Jongen,true
654,Yoshka,van den,Broek,15,Meisje,true
806,Yosri,?,Lopez,18,Jongen,false
360,Ype,?,Kuivenhoven,21,Jongen,false
360,Ype,?,Kuivenhoven,21,Jongen,true
627,Yrsa,?,Mohammadi,17,Meisje,false
627,Yrsa,?,Mohammadi,17,Meisje,true
68,Zahid,?,Valkema,18,Jongen,false
702,Zaid,?,Balm,8,Jongen,true
824,Zaki,?,Geraedts,13,Jongen,false
259,Zeineb,?,Hamelink,15,Meisje,false
508,Zi,?,Michielse,14,Jongen,false
508,Zi,?,Michielse,14,Jongen,true
122,Zine-Eddine,de,Moel,8,Jongen,false
122,Zine-Eddine,de,Moel,8,Jongen,true
547,Zino,van,Wijk,12,Jongen,false
547,Zino,van,Wijk,12,Jongen,true
605,Zola,?,Huijgen,20,Meisje,true
445,Zoulikha,van,Roosendaal,121,Meisje,false
